0,-2.453898822092448
1,-1.0812185487166501
2,-0.6283987248773082
3,-0.48940927142524426
4,-0.42418719990914777
5,-0.37830731932025796
6,-0.21494376013579253
7,0.11547608197643444
8,-0.5405377973455058
9,-0.5338826174462661
10,-0.8505988690873061
11,-0.3777304985490165
12,-0.5163950600316403
13,-0.5442367125152868
14,-0.7962921309757094
15,0.06810257896264882
16,-0.6915551506027209
17,-0.20451633032149796
18,-0.6420695260839335
19,0.013843063892474916
20,-0.37816088120888836
21,-0.657941502866674
22,-0.43899084258954535
23,-0.15712075971049055
24,-0.40131161334624055
25,-0.707524992808171
26,0.16254809418952476
27,-0.5045469555319358
28,0.7932503559852682
29,-0.35964955132473175
30,-0.05207495323071076
31,-0.5948503537232008
32,0.5462708100996765
33,-0.8143329609522718
34,-0.5523498581663531
35,-0.5901551529909874
36,-0.560261219744778
37,-0.3648778967230295
38,-0.7145709476756971
39,-0.6993976779769631
40,-0.6834756502403325
41,-0.6577886752135731
42,-0.45878292248336494
43,-0.48958933845508923
44,-0.7091878162806491
45,-0.8285161627347146
46,-0.1292062840147742
47,-0.3558133657870145
48,-0.11150648885153402
49,-0.3569210302281858
50,-0.3821246782699841
51,-0.23325528663638873
52,-0.8147768807017791
53,-0.5136271662146241
54,-0.06156914168912153
55,-0.5209650799656909
56,1.9317666704076828
57,-0.8583625816141496
58,-0.6425672305161456
59,-0.5421375504248974
60,-0.5622436725279507
61,-0.6438406220821293
62,-0.13879520346851737
63,-0.5613759853581091
64,-0.5751831939815746
65,0.010149955665091248
66,-0.5230036571295227
67,-0.43955536393135874
68,-0.5779240201370066
69,0.2833531007715422
70,0.6977341075437022
71,-0.4955218188351167
72,-0.08538631029913668
73,-0.921635320500561
74,-1.1681731738605303
75,-0.7495712340368155
76,-0.3750598315759496
77,-1.2190566626787442
78,-0.5739597815997727
79,0.3960008795938319
80,-0.5456595435405266
81,-0.5562417302542606
82,-0.4731567382443347
83,-0.10178435150029819
84,-0.33764693709617255
85,-0.6817753961829055
86,-1.229414981434221
87,2.216089761243477
88,-0.734180076481768
89,-0.5519369582172694
90,1.9353121474370445
91,-0.7222946160802948
92,-0.5131901577536551
93,-0.5839813509859283
94,-0.46694744779124675
95,-0.5065804166875716
96,2.0955860367070116
97,0.13206911806707144
98,0.20183526325921597
99,-0.5292201621129382
100,-0.14509864347965473
101,-0.08123232937795177
102,-0.29181030149109033
103,-0.4641577179511772
104,0.08184790071001902
105,-0.6955107533558738
106,-0.6961244926762096
107,0.7054760427932663
108,-0.5081475480189976
109,-0.5559566656886696
110,1.5253349172702024
111,0.8472301762970997
112,-0.6622938473700757
113,-0.6415922721925911
114,1.2960739790146785
115,-0.3267020102571877
116,-1.2413298603389427
117,-0.4888249789671236
118,-0.5397917234715413
119,-0.5946149792932247
120,-0.38797952209480546
121,-0.7810205237744504
122,-1.1773025106040458
123,0.9526392275810094
124,-0.34678250940194366
125,1.6813163595732121
126,-0.7027477557799955
127,-0.675872083069884
128,0.4628137054714232
129,-0.5112818471318857
130,-0.48615608758300666
131,-0.24230317465421958
132,-1.2318645270014643
133,0.07141469547914014
134,-0.8098082471791981
135,-0.7028665195501663
136,1.4900905344360273
137,-0.5980227795921086
138,-0.5905289939653581
139,-0.0870995395938935
140,-0.001006747570974298
141,1.239878931142277
142,-0.3364343390966844
143,-1.3731749937988027
144,-0.524278701011582
145,-0.590456760011676
146,1.2156575475195404
147,0.5412006401858944
148,-0.3109108289509285
149,-0.5118845967547094
150,1.1816895352078967
151,-0.23109441167311306
152,-0.8441486974318032
153,0.17904790537952575
154,-0.624479426152861
155,0.8113790332917621
156,0.8031996739488625
157,-0.9649957257723556
158,-0.5877004327149289
159,0.27306375821906315
160,-0.47432736669850883
161,-0.7410429059181958
162,-0.5491152181839858
163,2.434488389078131
164,-0.13916980096350473
165,-0.6663134639861501
166,-0.6656332790735289
167,-0.8334347897740724
168,-0.6662132234445898
169,0.32014224130849844
170,1.5696143263860518
171,-0.42516977544778456
172,-0.6336402088196831
173,-0.24563316600148322
174,1.786021569061724
175,-0.5912497192094912
176,-0.35488997158157
177,-0.10929182890457978
178,-0.6691463235291453
179,-0.009853037259782482
180,1.2866502254323122
181,0.27692416467066483
182,-0.7435353020554587
183,-0.17456318128168236
184,0.18856003271664767
185,-0.040477761827540926
186,-0.23886740012950536
187,-0.8066511908285898
188,-0.49693251765564617
189,-0.7419461424640448
190,-0.939333608832619
191,-0.5056922402794939
192,0.42696958041604716
193,-0.4299681503814502
194,1.1968679650769967
195,-0.4849415676785439
196,-0.32055786709951983
197,-0.9147932143345642
198,0.21494576913436525
199,-1.2662851038193377
200,2.0460625165930746
201,-0.10415663429484956
202,-0.1858960727737463
203,0.5523120660825704
204,-0.9473304265489367
205,-1.0522458726751143
206,-1.002925904288896
207,-0.3737987063595233
208,-0.5420282193570649
209,-0.1379950711630057
210,-0.5688587022277655
211,-0.32534086611565927
212,-0.4429056945229205
213,-0.7699494100616742
214,0.7948314564391887
215,0.36788051849937164
216,-0.4872806510214627
217,-0.24650946680464314
218,-0.04515688359594683
219,-0.5743740252558724
220,-0.549967856714678
221,-0.3974401229982506
222,-0.1506610232237352
223,-0.5328510146138177
224,-0.46095571434166627
225,1.9440255881260533
226,-0.5753878782081474
227,-0.4900422450233476
228,-0.5371200326885386
229,-0.20487729185094927
230,-0.04444686083127314
231,-0.47042006535366865
232,0.30884852388051565
233,0.79291624134582
234,-0.42413140968062246
235,-0.5591553496765311
236,-0.43429082749455117
237,0.321510938525005
238,-0.6075676817156077
239,-0.23593745381418252
240,-0.5038909857570062
241,-0.5114495324906173
242,-0.7135061137676593
243,2.3066012483384397
244,-0.8223904686561953
245,-0.9416729586761134
246,0.5372890972759459
247,0.32961778928175667
248,-0.5283323475445492
249,-0.7238204951178295
250,-0.4474056666516416
251,1.0601188288420225
252,0.24377699867403146
253,-0.2488322212952816
254,-0.1835282092194339
255,0.18033486788342046
256,0.5061577363538001
257,-0.557902494385137
258,-0.07170772269370829
259,0.7959110252805375
260,-0.2371283704713696
261,-0.5795464300237234
262,0.4173712311012665
263,-0.11212405160951588
264,-0.34145907871128467
265,-0.7484064379131774
266,0.14331350430113776
267,-0.47016110534474
268,-0.2654579210483323
269,-0.5045267983177404
270,0.07226123233910986
271,-0.5527798533693307
272,-0.9802587864955734
273,-0.43120965111958454
274,-0.5029864440828842
275,-0.3325997493063171
276,-0.408421228848755
277,0.19891014261524864
278,-0.22248355661725516
279,-0.6776211383111967
280,-0.4735139494088232
281,-0.49864097155666887
282,-0.4752809571133563
283,-0.611089076370132
284,-0.5371165899482028
285,-0.5518087154824078
286,-0.439010680399898
287,-0.24943235101955807
288,-0.4740056817967039
289,1.155948154627242
290,-0.16509084545667996
291,-0.5367925446405926
292,-0.5004143883699106
293,-0.10063509752723321
294,0.23932109843471427
295,0.09563169948617611
296,-0.23421269431527458
297,-0.6583097369707844
298,-0.22093094278669612
299,-0.5792982520528781
300,-0.11517581755508566
301,-0.23543183572015236
302,-0.5313769380963942
303,0.12649271047220734
304,0.07834322511751357
305,0.7097877777687853
306,-0.5690509000015423
307,0.29210164876530165
308,-0.20043864206514783
309,-0.916323697722105
310,1.527142961756178
311,-0.7022883666355051
312,0.7393365403626222
313,1.5641544395069291
314,-0.28773635723244106
315,-0.4271514735057129
316,-0.4871195244132044
317,-0.6288593957549491
318,0.3791684626377727
319,-0.32634803183199423
320,-0.5272072496144352
321,-0.3039496635060195
322,-0.5427259092668857
323,-0.863762913848664
324,2.2675695134315133
325,1.4918143501717476
326,-0.3534835137932709
327,1.2642907830419534
328,2.315378484663622
329,-0.49323472132149604
330,-0.4265531101836688
331,-0.36833111308263145
332,-0.20147582005216802
333,-0.45992393153385824
334,-0.618839567671654
335,-0.3318682562732689
336,-0.5961725418094777
337,0.4179416694114908
338,-0.4838860414508619
339,0.516699200524168
340,2.0479274560041225
341,0.1823604669654264
342,-0.10372283219211187
343,-0.8943526308705146
344,-0.7053429581523898
345,0.43353045604501794
346,2.0080009174312026
347,-0.22028824591481455
348,-0.5908180493814085
349,-0.652457579701921
350,0.6345106352796672
351,2.3525817005210645
352,-0.7151733158380552
353,-0.2798901857410242
354,0.574897305120512
355,-0.04600803506122575
356,0.8294062229788957
357,-0.08035747509216462
358,-0.18098174246515542
359,-0.2573335256548134
360,0.08930478030647704
361,-0.2801229368244056
362,-0.5025017081785692
363,-0.5899245926027592
364,-0.23850612028898666
365,-0.07732877370391444
366,-0.6470665635751771
367,0.5363765288333995
368,-0.5871358592542201
369,-0.7595376820226469
370,-0.849980872437661
371,0.0547911126546321
372,-0.5636113657689159
373,-0.49440190404750506
374,2.196136094867631
375,0.536589412619422
376,-0.41596067999042863
377,0.23213515693296616
378,0.023271740180738965
379,0.5513220281052322
380,-0.6197542906451743
381,0.7456121702292213
382,-0.2203958045485115
383,-0.3406274657675088
384,0.7619682715690537
385,0.282666446150055
386,0.005286993625531977
387,-0.44650142886706856
388,0.4922014249232529
389,-0.16659139522383493
390,-0.3653716741700409
391,-0.09277296633902676
392,0.6367415117980073
393,0.7858819213981689
394,-0.1461312744477079
395,0.5228776777351671
396,1.0711359317722584
397,-0.5417240769479896
398,-0.6517309484686877
399,-0.05664473527613689
400,-0.4946120674990392
401,-0.006096275293976272
402,1.1307253983902084
403,-0.2670892111405968
404,-0.32459132202770413
405,-0.5242258507669614
406,0.7944289382494598
407,0.2559496519026616
408,1.162798605829063
409,-0.6363540077597071
410,-0.31824845918340827
411,0.20116155175952577
412,0.41331995876403993
413,-0.2215394507644396
414,0.14959399454870592
415,0.6486359505921877
416,0.13037067158131044
417,-0.5581767504547318
418,1.1068153210230984
419,-0.2750523791889947
420,-0.5988450321025663
421,-0.553930068633218
422,-0.4225523129593006
423,-0.5425304908462423
424,-0.1364445308243476
425,0.22218911899831761
426,-0.48103096016781643
427,-0.6538661747628515
428,0.340544114889898
429,2.134716204196725
430,0.4790308890520232
431,-0.5904904505873522
432,0.19860542305714168
433,-0.15898022344447582
434,0.2857808497266814
435,0.12052775311861286
436,-0.3507993740320853
437,-0.5201374659728644
438,-0.5018797110603964
439,-0.13922564549718097
440,-0.23752344333542796
441,0.1229778848942813
442,-0.4897888353852837
443,-0.5109691003461744
444,-0.09949801611633657
445,-0.5175439738759011
446,-0.257844270047491
447,-0.15270574796615477
448,-0.45305021473507234
449,2.3450820870423987
450,-0.5691716945806041
451,-0.1235089285117088
452,-0.5181223479035273
453,-0.16521272518422614
454,1.980395590324671
455,2.1848963217616832
456,0.16437860763682965
457,-0.6013462267203127
458,-0.4704992370505633
459,-0.05059418207809774
460,-0.12895588646154466
461,0.15965503570411954
462,-0.18212025952955258
463,0.9069349828334479
464,-0.4996630469096678
465,-0.31079894114042295
466,-0.9648459401701373
467,-0.4427950772798581
468,-0.6763583073576505
469,-0.43838505611731227
470,-0.19466059117212575
471,0.4300267136497975
472,2.489678434875813
473,-0.2134335867576036
474,2.106547519679883
475,-0.4397075643060243
476,-0.07886123174751669
477,-0.41356253394972164
478,-0.5437711909313967
479,-0.19951650145992827
480,0.26736785698502263
481,1.8031439414998827
482,-0.47647687730476473
483,-0.5925346374589381
484,-0.1897529030309526
485,-0.5799678089877482
486,-0.47987932007776857
487,-0.1705310272983126
488,2.1496186186193564
489,-0.5939503834443047
490,0.04480359628591213
491,1.0148927843803097
492,0.11467021980839132
493,-0.09392474774256077
494,-0.21158505752415357
495,-0.5924442985167003
496,1.7284768968671211
497,-0.43420030688579725
498,-0.2599214850440337
499,-0.6445365679575759
500,-0.5732284162076389
501,-0.46733506020621474
502,-0.5725158077463812
503,0.10450886653956326
504,-0.16655022982955336
505,-0.5040755256389218
506,-0.5400045585076911
507,-0.20824135483552397
508,0.4619709250391717
509,-0.9064443801701603
510,-0.1518986614546941
511,2.18706993868411
512,-0.5666877293822834
513,-0.7867957661281336
514,0.13321481125496537
515,-0.5071389571592182
516,-0.6433916674976824
517,2.2847265770328473
518,0.6808104952865004
519,-0.11936514578195412
520,2.509774642537089
521,0.27279278707255505
522,-0.48857910550939787
523,0.7567073408782115
524,-0.4606024811813467
525,-0.5150589109868045
526,0.5264533250599734
527,1.8675191245982332
528,-0.16867209283404294
529,-0.08670798996469187
530,-0.26033679248141084
531,-0.1980030794980756
532,-0.26625612510543517
533,-0.5372919264522034
534,-0.16984584422613336
535,-0.24426807890988467
536,-0.435425219660185
537,1.0867214188275869
538,-0.14484530857764621
539,-0.25558287163267934
540,0.06844001020982304
541,-0.5277764177629432
542,-0.4512248435993661
543,-0.6107472826820645
544,0.8449005125867415
545,0.6455214789517492
546,-0.29521012701730065
547,-0.31737271590494887
548,-0.2526828470970863
549,-0.7847564234500728
550,-0.34398697354344887
551,-0.1584373745013472
552,-0.4525476927096337
553,-0.4934003995654386
554,-0.5786004301272021
555,-0.6457837928627863
556,-0.14940559359486827
557,-0.220505851968963
558,-0.6941433617959494
559,-0.6711957179205477
560,-0.6173123374316891
561,2.3553087969228885
562,-0.8158220996884921
563,-0.5029728650463166
564,-0.5779294439938975
565,0.6682071991057168
566,0.648122041036477
567,2.0197534804341983
568,-0.22135025574679634
569,-0.6666940152521856
570,-0.5893094046718743
571,0.008721866285655633
572,-0.12358078074391543
573,-0.7133476195895245
574,-0.5031067039861761
575,-0.5784136061698183
576,0.5445706797132073
577,0.15067501098451452
578,0.38631156389350574
579,-0.49528533096744
580,1.6780000218464914
581,-0.22209388892975468
582,0.03456876573114309
583,0.2125504117984709
584,-0.5373772150026578
585,-0.43251015928506353
586,-0.930221620150598
587,0.11438288626943427
588,-0.4447083585140722
589,0.6189007382754352
590,-0.1843848875127332
591,-0.1949372249138499
592,-0.2888942709196288
593,-0.43220438132648686
594,-0.6736385808707402
595,-0.3239782892642439
596,-0.24945636014441552
597,-0.48325516232174937
598,-0.2697319054360414
599,-0.4988944430674518
600,-0.8675310245583342
601,-0.4647797001582863
602,-0.5446745928722666
603,0.48401295813397205
604,0.0971653669750221
605,0.22839717525039904
606,0.27399503330796326
607,-0.4952069391750209
608,-0.620991683441864
609,-0.31791546129552706
610,2.041344142957691
611,-0.38331415023933824
612,-0.2887746601837107
613,-0.5184600274504882
614,2.141739266225325
615,-0.5881719164405745
616,1.4092028626110809
617,-0.5603364167366871
618,-0.6376412586608643
619,-0.5269486939498614
620,-0.11570281421485329
621,-0.4456911243636682
622,-0.44626230884084006
623,0.7643075290096082
624,-0.4992278432369276
625,-0.5157493369715227
626,-0.6674124791552233
627,0.17278960843659363
628,2.511274219563021
629,0.04217773086158361
630,-0.5276760456386769
631,-0.19912088595598665
632,0.3662374373475099
633,1.4866610892647878
634,-0.3876195427728072
635,-0.6346163012071584
636,0.8396236398154746
637,0.1642246136055061
638,1.0236183513498922
639,0.4362178355508539
640,0.30591078961557616
641,2.126193179372026
642,-0.5371807223524665
643,-0.38777052953972535
644,-0.2004089074737252
645,2.029207817658248
646,-0.47262142277585384
647,-0.4945259784716498
648,0.07501105134007635
649,-0.5131979491419651
650,-0.5631542149203341
651,-0.263109018366131
652,-0.09775484407811186
653,-0.5290959275009647
654,-0.57177616752134
655,1.7978052033641614
656,0.8991604391741588
657,-0.28746456047399593
658,0.0586381199231889
659,-0.24679040997615787
660,-0.6056614613039415
661,-0.6063741264409759
662,-0.11239417995976819
663,-0.22368498820879645
664,0.16941798455950718
665,0.4360961712175957
666,-0.8575993127406918
667,-0.6274724698718953
668,-0.17716206244447408
669,0.003613134246888361
670,-0.8091692275475852
671,-0.5568547095415025
672,-0.13636268447084632
673,2.1775309931988542
674,-0.5957055737768836
675,2.3695365252303455
676,0.44144861156265724
677,0.5046314843907798
678,-0.2119435841851186
679,-0.4228378479305326
680,-0.5226455199944463
681,-0.09188610306739287
682,-0.6139057004715347
683,-0.5212799188353128
684,-0.7634388597573913
685,-0.7644483354423894
686,0.4502654010755667
687,-0.44230074696643695
688,2.24361900046817
689,-0.5513636623791058
690,-0.7029756549096122
691,0.6392365290414495
692,0.9177259620983358
693,-0.5563500781467431
694,-0.022687557161258365
695,-0.5180915146051402
696,1.2476884492487117
697,2.0385476475626154
698,-0.013651103569743972
699,-0.5815230229470194
700,-0.44799485431544395
701,0.27541965261129087
702,1.5248291087927786
703,1.0817739522831964
704,-0.11659184205404038
705,-0.21097021998272347
706,-0.29303949323490763
707,-0.471227842254616
708,2.1802136811391954
709,-0.5927267970290183
710,-0.480640621874024
711,-0.218498270717704
712,-0.26241549125029606
713,-0.44999574802064646
714,0.09201932724215522
715,0.6352747587255063
716,0.8609380856818669
717,-0.11025467133304545
718,-0.5038703827615242
719,-0.47937491194417237
720,0.2533720382979783
721,-0.5168275190531552
722,-0.5548115448787944
723,2.274194892597986
724,-0.5052193387006518
725,2.118986152271016
726,0.2848856267216455
727,-0.5001614380701775
728,1.9015745523458372
729,-0.09384096409327836
730,-0.1602285762848239
731,0.5860875781358117
732,1.6144719590754182
733,0.1442749717984253
734,-0.503529613194585
735,-0.7566052691309665
736,-0.4619691073595751
737,-0.5017666962461814
738,-0.39828299921061483
739,0.09770995035773367
740,-0.4639292303171394
741,1.832854256523981
742,-0.3246265954544917
743,0.5107190489801259
744,0.29145529161387973
745,0.4799975900928837
746,-0.37774550067094625
747,-0.20026156480265855
748,-0.7121300465085814
749,0.16613183697659428
750,-0.6111831113777466
751,-0.6330519668510566
752,1.783344017062886
753,0.02803672429362636
754,1.0857133721738532
755,0.22224790341136091
756,-0.42926258354602753
757,-0.42786188291427374
758,0.5194350085230723
759,0.26197880745700397
760,2.026546029195145
761,-0.5040574376504259
762,-0.2657514211438492
763,-0.22154078888549622
764,-0.44840341166209297
765,-0.4276142414985016
766,1.192977622671913
767,-0.22700532160881604
768,-0.12086201931356222
769,-0.47648583468648975
770,2.39741459082226
771,0.2861049455347482
772,0.26263213757658255
773,-0.4477753120239244
774,-0.5018397021210005
775,0.8435280788184398
776,-0.4611993515407913
777,-0.7254557851270939
778,-0.6317630212579107
779,0.25128182967578283
780,0.6335640257504322
781,-0.9815488619141135
782,-0.48039544774513054
783,-0.4312374804704142
784,-0.7373046128369121
785,-0.2340026165978012
786,0.6232545793275248
787,1.2110397358909086
788,1.2215127909496908
789,1.3453976233552307
790,0.16368783847267832
791,0.07668424725347922
792,0.5464688501631247
793,-0.013654122611150177
794,-0.36854318208429326
795,-0.5759517483152664
796,2.3261726538467546
797,-0.3930948043198301
798,-0.5720508894647349
799,0.1968673982465019
800,-0.6197050275227971
801,-0.7264074050196283
802,-0.5290075174999516
803,2.2085070151569854
804,-0.6984264882408661
805,0.19131039212661705
806,-0.2543785082563781
807,-0.49744754157486337
808,-0.005351493641507776
809,-0.46349679939572996
810,-0.1583134905723047
811,-0.3459832159728472
812,0.6665255934883725
813,2.3183278032815178
814,-0.4564139430639307
815,0.55853409874398
816,-0.47932124367871753
817,1.7379894422997522
818,-0.30183053070274857
819,0.48120088811911654
820,-0.4599159746504762
821,-0.21659977795185792
822,-0.44225651776587926
823,-0.2093612347975664
824,0.18397278116848237
825,-0.14776195410762616
826,-0.9954850803884947
827,1.3772573866992524
828,-0.28304537106372774
829,-0.24166937120178023
830,0.4467171862817052
831,-0.0019929253790023083
832,0.3147855535970605
833,0.2978536818344508
834,-0.3049963003584999
835,-0.4315167914836321
836,-0.1866416337692146
837,-0.1538495015276371
838,0.4524525838541422
839,-0.545935749671395
840,0.1642653731083905
841,0.09995874552262918
842,2.323845254875354
843,-0.193158992002191
844,2.1531649612514503
845,-0.0722735363444178
846,-0.5289695633694209
847,-0.11330183265559834
848,0.028734737980086855
849,-0.4322075181129402
850,1.9432177264848207
851,2.200235774271859
852,-0.8168910613873355
853,1.9665185497200774
854,0.9721095206813768
855,-0.43391250362111644
856,-0.5753183100541418
857,-0.6450276322405419
858,-0.4491477201530917
859,1.0680457854160408
860,1.023759892585053
861,0.40388279884663936
862,-0.35292950197634565
863,-0.13935608074578565
864,-0.5360834747576715
865,-0.8358386277474821
866,-0.5286420520724615
867,-0.5786955953850128
868,-0.6828188993852896
869,-0.14089157709319267
870,-0.5509494858098634
871,-0.46177515231583444
872,0.21019922685437198
873,-0.45118996753315666
874,2.3467576725826658
875,0.6504234100732049
876,-0.4908256707886549
877,-0.9631462977217045
878,0.2924723294291147
879,-0.6771457006026115
880,-0.5276337904682524
881,-0.31654952523307944
882,-1.016093074755709
883,-0.24155798026432584
884,2.0870913390110664
885,-0.5793238898749842
886,-0.4615190497414512
887,2.215048539061894
888,2.3725838189288853
889,0.11485508265023991
890,0.08508580273309185
891,-0.21386019981316184
892,-0.8469165016021365
893,0.21747429852753442
894,0.2816809909378495
895,-0.533179840651424
896,-0.1543920765300687
897,-0.00783609513063499
898,0.15002561797119007
899,0.10736789564535942
900,-0.5575881584980423
901,2.1431239674168188
902,-0.3342848761391125
903,0.3635869379459773
904,-0.4755543429177278
905,0.3243052527679824
906,0.9448637759601806
907,1.3388669015627936
908,-0.3428512140429556
909,-0.5619990668549124
910,0.47661695113165314
911,0.33249359728553385
912,-0.1878595345079873
913,-0.6915692001439528
914,2.4672640358601483
915,1.717861591400447
916,-0.048474492557640025
917,-0.12509242485676642
918,-0.24980866494077203
919,0.09498233666660139
920,0.9389239242484648
921,0.13923169185928352
922,-0.48649423956811644
923,0.3353619089212334
924,-0.5673434895212294
925,-0.6941850553465916
926,-0.6299298571450023
927,-0.6463303346977063
928,-0.14186925373801917
929,-0.06718039986245272
930,2.521321070865527
931,-0.2446827325652251
932,0.39876307789767407
933,-0.47958398415028514
934,-0.790728733534062
935,2.043092368352976
936,-0.12056070570699262
937,-0.38818427374305964
938,-0.15503860791357882
939,-0.32259101374128074
940,-0.1729552860383119
941,0.10446326177352327
942,-0.24491688101971654
943,-0.5051722334150758
944,-0.40656179757026556
945,-0.6398667017853705
946,-0.03432730027318198
947,-0.25578530746336003
948,-0.4190314171584013
949,-0.12794417162910343
950,-0.5192070114854365
951,-0.0698837475925258
952,-0.9406169059572748
953,0.5612085282212977
954,-0.11782277981051337
955,0.6904069903453758
956,0.7161144113935407
957,-0.4232505094598442
958,1.821621658557226
959,-0.502121053930447
960,2.2845037003501876
961,0.1408279658062026
962,2.3231461456500724
963,-0.09221214550937573
964,0.2632395903683378
965,-0.4161504446670745
966,-0.44384101666463316
967,-0.10342167079913522
968,-0.1038932358914354
969,-0.9257025495357509
970,-0.8080038858876843
971,1.0712382350835945
972,0.12602652600721087
973,0.14656413893163078
974,2.4498432480631793
975,1.1134597618045423
976,0.4787813810566872
977,-0.08384593471036705
978,-0.5284383775149828
979,0.43500084830754204
980,0.7744991754356125
981,-0.1207505723948793
982,-0.42005224812999653
983,-0.17609211242741962
984,1.5847208225057743
985,0.06723469636481738
986,-0.8856411854213165
987,-0.005611833164065327
988,-0.14145144770333185
989,0.38264198275390826
990,-0.45292957564450254
991,-0.5036435242866095
992,-0.37801335926304025
993,0.25783037240470374
994,-0.3581460300532644
995,0.07748026334527292
996,-0.4739374650100808
997,0.662168554014821
998,-0.4875965419533249
999,2.086088171753972
1000,-0.3805074617430073
1001,-0.5017381048391956
1002,-0.5408342856470706
1003,1.9627073230008998
1004,-0.45385901655489325
1005,0.08630020021228924
1006,-0.6948008177622129
1007,-0.580949209125311
1008,2.482376581617923
1009,0.10958081883384363
1010,0.2917357006411949
1011,0.2540563744918396
1012,-0.2825488481178834
1013,-0.8050118758457474
1014,-0.9534782289286567
1015,-0.5988477777669604
1016,-0.1514179768177475
1017,-0.24685312199552323
1018,2.2016933795228377
1019,-0.45609239869162066
1020,-0.5030979489187068
1021,-0.4849337323458579
1022,-0.6547901793864213
1023,-0.43932683011126183
1024,0.33256250236114804
1025,-0.0905718759250993
1026,-0.16158043122054278
1027,-0.16431925762671207
1028,-0.38958643892564904
1029,0.5692033177686391
1030,-0.4213071092300438
1031,-0.5385365804422546
1032,-0.3162536857192366
1033,0.2374658942030905
1034,-0.08040914652090392
1035,1.1042847680913384
1036,-0.8300667435106684
1037,0.33618799607692185
1038,-0.5652613957174166
1039,-0.4616494787660401
1040,-0.16207101248627132
1041,-0.3000016902234418
1042,0.16897149332997863
1043,0.11047115220306924
1044,-0.5985785093811633
1045,-0.13779686479905118
1046,0.23547589499699795
1047,-0.47571456166164594
1048,-0.4801767947424569
1049,-0.6545436459270938
1050,-0.46893896225341836
1051,-0.47764913407624565
1052,0.06357519899071562
1053,-0.4287236610001689
1054,-0.08340875176422191
1055,-0.4573615952570409
1056,2.337666032086604
1057,-0.5352264899612734
1058,-0.7316085075000808
1059,-0.8240903482925542
1060,-0.04975313038042284
1061,0.8801788887970734
1062,-0.51801054995178
1063,-0.3333705561903274
1064,2.323608065553824
1065,-0.6129435251461726
1066,-0.7837668209690549
1067,0.1519733806045076
1068,0.921453346889054
1069,0.5812524924083287
1070,0.5351813236987917
1071,-0.5529369006592175
1072,1.8879089177986428
1073,0.58106344843047
1074,-1.015803309396686
1075,-0.37326688669190733
1076,-0.7858095079290615
1077,1.0177271072125595
1078,-0.33096669449645233
1079,0.12116657494413396
1080,-0.888456465886835
1081,0.1238493579472113
1082,0.6531189610155688
1083,-0.27129944710619736
1084,0.8765127628826284
1085,-0.3877826515284356
1086,-0.023636422741846852
1087,-0.5892158967756478
1088,-0.6276817894535884
1089,-0.22619791062802796
1090,-0.5677617976017695
1091,1.0516078420631598
1092,0.017479517348523155
1093,-0.11116148171531925
1094,-0.7539404304074648
1095,1.7809201730466544
1096,-0.45425043656698194
1097,0.854813425847661
1098,-0.3226704143535293
1099,0.27198716403746315
1100,-0.4690890691307331
1101,2.3711892697507584
1102,-0.7142197947614761
1103,-0.17935650883095988
1104,-0.1126940607763739
1105,-0.32083653407501955
1106,-0.5510923058940473
1107,-0.36423782007381944
1108,-0.5314115827375006
1109,0.0442550447044463
1110,2.1029471912541817
1111,-0.36802297833612196
1112,-0.7572691486691308
1113,-0.4094879388462137
1114,-0.4608094418770201
1115,0.233305935301791
1116,1.5973041415162623
1117,-0.5227701130557632
1118,0.2426290458786613
1119,-0.422459278568207
1120,1.3878165311006372
1121,-0.3961290098193676
1122,-0.5115931167023476
1123,-0.8612220487771906
1124,0.13321712887324466
1125,-0.012368028859532254
1126,0.39889338775860317
1127,-0.5775253767588577
1128,-0.18850126493668617
1129,-0.36535652953480624
1130,-0.19349049531375528
1131,0.3026865739916629
1132,-0.7257141065670081
1133,-0.6095744079965304
1134,-0.7682749265967189
1135,-0.4896052270776293
1136,-0.16097544735826452
1137,0.8318130600806077
1138,-0.5009484429904876
1139,-0.49662167448060035
1140,0.3407377172030266
1141,0.8522142995309308
1142,0.15456561653369283
1143,-0.6092816249853907
1144,-0.4933414413184056
1145,-0.43446450760467403
1146,-0.3660807920385839
1147,0.9142043793078423
1148,-0.9343287464835802
1149,1.0926724375981105
1150,0.35312364374606964
1151,-0.5998144137788902
1152,-0.535828445489306
1153,-0.556671882229252
1154,0.031366576128444956
1155,-0.4781211894131212
1156,0.45904052171910803
1157,-0.49906628372839534
1158,-0.7282751884447868
1159,-0.7594731774678564
1160,-0.4424951937196552
1161,0.1938171859775737
1162,-0.19568004341123701
1163,-0.7482013893829308
1164,-0.031073707069350642
1165,1.082597975906746
1166,1.8577602905765087
1167,-0.7627408497591928
1168,0.22486186059875912
1169,0.5612840349385713
1170,2.2447929723755884
1171,2.3204779852374116
1172,-0.5367374023090524
1173,-0.5585427365335431
1174,0.2813723501469938
1175,-0.2866848895502808
1176,-0.8482930476209405
1177,-0.4646586669641979
1178,0.48778304202418665
1179,-0.4823984939319814
1180,0.08258523310635302
1181,-1.1813837079104403
1182,-0.509643658876682
1183,0.4013621249320978
1184,0.3180471214386107
1185,0.7686946376058795
1186,-0.0340401844435303
1187,-0.39384062580522883
1188,-0.639384363307273
1189,-0.12022283878461282
1190,-0.1289217475692881
1191,0.5486770833475707
1192,-0.4392781572531631
1193,-0.8573980957137635
1194,0.9801489690466951
1195,-0.48208990059639945
1196,1.331779876809955
1197,-0.15971351339968565
1198,-0.36459341684775826
1199,-0.3994805050976711
1200,-0.6842552982346135
1201,-0.5496118809259278
1202,-0.605234719230523
1203,0.2541466557651437
1204,0.12637219459351434
1205,-0.49784642626512365
1206,-0.526013756228003
1207,-0.4875588591615402
1208,-0.5271784809606239
1209,-0.35246514808734875
1210,1.0827960240545034
1211,0.7597093426538652
1212,-0.1480241798300016
1213,-0.8314476126760424
1214,-0.6216031103810361
1215,-0.3672832952103676
1216,-0.14874974073882452
1217,0.9528436700082501
1218,-0.36847614653064453
1219,-0.28085626532847263
1220,-0.6760257947386552
1221,-0.41528480174319926
1222,-0.20861000141099784
1223,-0.2739712580214386
1224,-0.7589884531352249
1225,0.0832263434272027
1226,-0.12309146896852607
1227,-0.6243381595329092
1228,-0.16596708225278833
1229,-0.40115803072171485
1230,0.10066904793124287
1231,-0.5990409215947068
1232,0.03962972553725397
1233,1.5792017510884087
1234,-0.5277723590450121
1235,-0.5332043945200544
1236,-0.14628285707850164
1237,0.8743512465506715
1238,-0.3947009004045767
1239,-0.3879276107619106
1240,-0.4600286180945522
1241,2.5924054893134536
1242,0.30025209445769496
1243,-0.4539797330483568
1244,-0.5429683058962745
1245,0.5745750788116621
1246,-0.546680496762441
1247,-0.6770126917247532
1248,-0.045382978397020324
1249,-0.37432192388036234
1250,2.235840036400348
1251,-0.470998106095432
1252,-0.19426116260493476
1253,-0.5707173013077746
1254,0.8214165958572555
1255,-0.46257587272223466
1256,-0.41529641506763415
1257,-0.6133260847516551
1258,-0.590339498083365
1259,-0.6927465229185177
1260,2.042739662988876
1261,-0.8864515897096512
1262,-0.4480887607658117
1263,-0.5513953236368277
1264,-0.05353021503177913
1265,1.6990125073642266
1266,-0.012290837442039848
1267,-0.2608790493357728
1268,0.3705297783338577
1269,-0.7052732463095419
1270,-0.5166552321026407
1271,-0.4783945764618681
1272,-0.707263323658164
1273,0.014689100695006951
1274,-0.10402315702211018
1275,-0.4122319509641845
1276,0.11962228845658429
1277,1.1791622264752988
1278,-0.454480196288086
1279,-0.5497023193526083
1280,-0.5066778853044673
1281,0.2202537509685536
1282,0.11745097592236986
1283,-0.6912698695876995
1284,0.18146549922319477
1285,0.1138180915324678
1286,-0.5492035707307421
1287,-0.3408275914652521
1288,-0.8161775766209453
1289,0.8565498461352332
1290,0.09333359637434646
1291,0.9703004839860019
1292,-0.5599345612758497
1293,-0.49439337701253205
1294,-0.6748547693137217
1295,0.9445104298524798
1296,-0.7004901612677511
1297,0.7201232089069154
1298,0.8734022830325194
1299,0.8574884254307098
1300,-0.5153948921366216
1301,0.9631191334554234
1302,-0.3946204447307383
1303,0.8183587713435541
1304,-0.4973167927180875
1305,0.19383866364112246
1306,2.071730381558137
1307,-0.3261927387236724
1308,0.21156076444499106
1309,-0.218340058702161
1310,-0.48484239523612227
1311,0.23660496488977145
1312,2.3851948405151013
1313,-0.4467816425624148
1314,0.3692970733306735
1315,2.6595897207672063
1316,-0.2713874483251022
1317,-0.5870991984252125
1318,-0.17971410130546228
1319,-0.5144920576124137
1320,0.3423117471649961
1321,-0.8679822287522267
1322,-0.4679229864571812
1323,-0.5730454381391117
1324,-0.5853712053184279
1325,2.1408624258276996
1326,-0.13269196544620698
1327,-0.8483935818355568
1328,0.6127872356383754
1329,-0.25645254772567083
1330,-0.4631704011214183
1331,-0.07595783694720071
1332,-0.12207686640255866
1333,-0.05870227603883993
1334,-0.5592865461229828
1335,2.339336670848025
1336,-0.15934746528265786
1337,0.3386490109579863
1338,-0.09842715490381648
1339,-0.7453208177397388
1340,-0.6359072092355561
1341,-0.42103932158935187
1342,-0.44670411139769794
1343,0.2661463335832106
1344,-0.25992254864417264
1345,0.07059733447002325
1346,0.7444720633044821
1347,-0.08415863166593252
1348,-0.5574339432249498
1349,0.8641208435065193
1350,-0.16059615546359662
1351,0.401762030075425
1352,0.10644169422053906
1353,-0.2188213218400583
1354,-0.2457339924713301
1355,-0.5344049677481693
1356,0.114023931881023
1357,-0.316841138041964
1358,-0.10260661052810194
1359,0.33826892465118275
1360,-0.4762887571166279
1361,-0.7758313761321082
1362,-0.8843228242942349
1363,0.17965393202990643
1364,-0.5987042337625657
1365,-0.4558897026088864
1366,0.08568202994625551
1367,-0.5551069424009323
1368,-0.45833230398355074
1369,-0.07446707560548282
1370,-0.3267800196089238
1371,-0.39701755374213565
1372,0.5054832628191477
1373,1.2355287051349628
1374,0.19274098220015534
1375,-0.47242428774921974
1376,0.7222076241169748
1377,-0.3193442992315071
1378,-0.053935672760853426
1379,0.5242909427905089
1380,0.4369880481163515
1381,2.3095251494794033
1382,-0.19132493452022847
1383,0.7319431201976152
1384,-0.7696134466938276
1385,-0.665383287674398
1386,0.3866135716745138
1387,-0.2884117110401073
1388,1.10868810980896
1389,2.409666009978963
1390,-0.6475584338137943
1391,0.5764485228913023
1392,-0.4764077736272243
1393,-0.20632906262327022
1394,0.3728495639301441
1395,-0.5701352624366528
1396,-0.5745389903466872
1397,-0.7213613615899107
1398,0.30083341683747244
1399,-0.5093137534596873
1400,0.035161042836668654
1401,0.18143508366584982
1402,-0.4425758193409479
1403,-0.4829618686825716
1404,-0.4272595342849529
1405,0.3620612027752348
1406,-0.10399483376339402
1407,-0.1179705421038294
1408,0.7994228549073539
1409,0.23580471158166127
1410,0.7194912308428953
1411,-0.4680131842180345
1412,-0.3090996496266578
1413,0.1435408300477825
1414,-0.7695204555701965
1415,-0.3856583669091943
1416,-0.6387482716315628
1417,-0.49069723646957364
1418,0.6444182851993048
1419,2.434664693564605
1420,0.09362923852512028
1421,0.9555799433476613
1422,1.168043118433765
1423,-0.307845978687702
1424,-0.26119379474122995
1425,0.7517384711372237
1426,-0.2773347026896117
1427,-0.38815378217362095
1428,0.20995736016447575
1429,-0.48116935044028064
1430,0.4200200951376558
1431,-0.13915875920792398
1432,0.11304837694042491
1433,0.27318785994535943
1434,-0.5685689949474858
1435,-0.43653525631335544
1436,0.7290281873003415
1437,-0.4714675357454352
1438,-0.4331232200809991
1439,-0.30659388920419484
1440,-0.5215633731679981
1441,0.3910837901953468
1442,-0.6128117982626982
1443,-0.22124584525975732
1444,-0.4196119857926408
1445,-0.4967567010427585
1446,-0.3274999952525397
1447,-0.23775955093225876
1448,0.10159839164066709
1449,-0.7823662778384141
1450,0.3444230391935519
1451,-0.4514920628860537
1452,0.08828829376690206
1453,-0.06842786674332813
1454,-0.4794399242246522
1455,2.0590652601101396
1456,-0.15657451913469445
1457,0.8767035759967376
1458,2.0108356268653425
1459,-0.17542231568386668
1460,0.1360564009682419
1461,0.7950582032011153
1462,0.08008323971160469
1463,0.4967977189890047
1464,-0.5076751199834448
1465,-0.4577046870100918
1466,2.060531012345105
1467,0.1677976751012369
1468,-0.18289288164697692
1469,-0.04529041992288452
1470,-0.09140201041889984
1471,-0.6181362609836054
1472,-0.4092958153507772
1473,0.838320904316668
1474,0.2081667724565328
1475,1.188040264218475
1476,-0.3638055433434755
1477,-0.050390962711177156
1478,0.6596089907123754
1479,0.10237968299851419
1480,-0.5637570170969641
1481,0.20572316001336777
1482,-0.5062092480305931
1483,-0.577772416895175
1484,-0.11697001791917672
1485,0.6836310229997933
1486,-0.4928535903193423
1487,-0.5515398896232876
1488,-0.25059405082319464
1489,-0.14096687029033317
1490,-0.2746557666606291
1491,0.019789880002656357
1492,-0.7324568672417164
1493,0.022943506461380325
1494,-0.009827919809907493
1495,-0.4771195601160443
1496,-0.48141404722198
1497,-0.5145899821215077
1498,-0.6688679499245629
1499,-0.5689708667226709
1500,-0.5200433364840318
1501,-0.4778176608105016
1502,-0.3716245469484878
1503,-0.637724764654072
1504,-0.5807258161607785
1505,-0.26976187252447437
1506,-0.4899886534089545
1507,-0.0930102706617858
1508,0.10453948165039506
1509,-0.11113934147491777
1510,-0.46920779675658797
1511,0.1658495824306132
1512,-0.5393327678744912
1513,0.3783331468578701
1514,0.05421564406694235
1515,-1.0849940076795115
1516,-0.5764387920743865
1517,2.0155410496520325
1518,-0.15560835434134435
1519,-0.4749587056924911
1520,1.388669755174776
1521,-0.20196438173959863
1522,0.12946906162702798
1523,-0.5449258183315474
1524,-0.8660098338287257
1525,-0.639232834543612
1526,-0.5140088423597484
1527,-0.5572524902128648
1528,-0.5497631277945862
1529,-0.13934113840457074
1530,-0.4403860582695448
1531,2.26238468878739
1532,0.26731655443110514
1533,-0.5699653357371104
1534,1.1651667119654703
1535,1.9910676578162374
1536,2.0069077868771537
1537,-0.6858440830455487
1538,-0.5804090171394419
1539,2.227153819353738
1540,-0.12245103738422236
1541,-0.19675307544696496
1542,0.026892702593252382
1543,-0.40070723104147166
1544,-0.4957912493798664
1545,-0.16490685297648433
1546,-0.18967371653945497
1547,-0.21671182162475722
1548,-0.247404283017727
1549,-0.713735804008752
1550,-0.12924753924790733
1551,-0.509890581203138
1552,-0.6340098319033338
1553,0.49025958252047763
1554,-0.5875879330079298
1555,1.8797398399107215
1556,0.6987186119736635
1557,-0.6377611757192478
1558,-0.8804471957403158
1559,0.17263040969142285
1560,0.08251543127654015
1561,-0.16307508142591642
1562,-0.18196926288837822
1563,-0.5940953620146767
1564,0.5240250036380059
1565,-0.11495556220779857
1566,0.4495484298092969
1567,-0.6038939010047967
1568,-0.8263822639209696
1569,-0.5252325603747354
1570,-0.42085920802710297
1571,-0.49041316037075255
1572,0.3946186036871149
1573,0.011314973743453915
1574,0.254462428328315
1575,0.14753278736906417
1576,2.0647133873145944
1577,-0.8824481402023787
1578,-0.6277587425258446
1579,-0.5027790583520746
1580,0.9971992188676968
1581,-0.3865073467911945
1582,-0.6235345414234144
1583,-0.6201350743275533
1584,0.1721695359706763
1585,-0.5131488253781133
1586,-0.5276477400905558
1587,-0.062348707527406844
1588,0.2593061965272101
1589,-0.7457720245180174
1590,-0.4868101191742694
1591,-0.7429838662672195
1592,-0.28568997442562694
1593,-0.45770443187601684
1594,-0.5752765920070095
1595,0.7755640953032203
1596,0.16647661378069922
1597,-0.00888144926860801
1598,2.08053915371483
1599,0.16510487589896572
1600,-0.32106146143591396
1601,0.002802348360288587
1602,-0.42199127578005946
1603,-0.49149236089685133
1604,-0.19733518184705956
1605,-0.1478337078523566
1606,0.5312765952233314
1607,0.42850425410190396
1608,0.13095335685036336
1609,-0.1260886257097723
1610,2.17296623027053
1611,1.0946148530164366
1612,-0.18486661745655875
1613,-0.2292146406189408
1614,-0.5323613312478573
1615,-0.2008221065361726
1616,-0.5938610959637416
1617,2.5237140518899395
1618,-0.1189759400478041
1619,0.13864073573638724
1620,-0.04206712310255056
1621,-0.509541445241149
1622,-0.4705051114004276
1623,2.4042528327307955
1624,-0.5920965079051427
1625,0.010702312538129144
1626,1.3341426320802228
1627,-0.39533874471124875
1628,2.4369468154739287
1629,-0.37367224793011466
1630,2.3672277489792646
1631,2.2426216926253377
1632,-0.8036221642778042
1633,-0.8005819345003458
1634,1.0132864880255803
1635,0.08575634914865726
1636,-0.16342231400212648
1637,-0.10040160377359753
1638,0.04409773358149005
1639,-0.4462165129068899
1640,-0.5347742328271332
1641,-0.44026756563825253
1642,-0.20582008268984753
1643,-0.31153519871478685
1644,-0.8351653240083123
1645,-0.604606029687013
1646,2.4940087037412346
1647,-0.7808474094217324
1648,-0.04087788951259008
1649,0.6109149422312266
1650,-0.2008156796377838
1651,-0.5983766498835306
1652,2.2865862923236002
1653,-0.5175341937576198
1654,0.4086649377358489
1655,1.8774452429618562
1656,-0.23058783980831032
1657,-0.5476864557700405
1658,-0.5052606023914509
1659,2.0334779658920685
1660,0.24457706859308748
1661,-0.4709465136040216
1662,-0.6586024528601666
1663,2.2835994410526776
1664,-0.14050421303086735
1665,-0.15977259757219964
1666,-0.5962443453481177
1667,-0.42759763552751184
1668,-0.458864767126818
1669,0.04110593689942865
1670,-0.8251339700669476
1671,-0.5294144096129185
1672,0.35142992672250206
1673,0.24320584612783436
1674,1.268891218133838
1675,0.7402287358899806
1676,-0.5931079076471654
1677,-0.3619297182713034
1678,-0.12851162140931116
1679,-0.05110303600779198
1680,-0.9086657078394391
1681,0.9751428303917113
1682,-0.4733763650099406
1683,-0.09979776398657825
1684,0.13884591173451244
1685,-0.3342914761827602
1686,-0.4923049344674839
1687,2.0497234736946397
1688,1.2443835918383988
1689,-0.06571877406153659
1690,-0.39162465908136035
1691,-0.06768468752552748
1692,-0.2870861415402137
1693,1.6625660539222762
1694,0.009960586845974895
1695,0.08287105505462189
1696,-0.7270017520670178
1697,-0.11112685176044745
1698,0.22301257111499484
1699,2.335275011361013
1700,-0.44769946582908315
1701,0.9554922463078954
1702,-0.41222094165907397
1703,-0.4700654717643765
1704,0.005609201693856258
1705,-0.4062959738648029
1706,0.13421888226936618
1707,-0.43980019230029355
1708,-0.5450083487522692
1709,-0.37168279535668813
1710,-0.8341851263348354
1711,-0.28947763577910046
1712,2.448648353516829
1713,-0.4257030695073235
1714,-0.15330339427931694
1715,2.359200902464462
1716,-0.08591844782704672
1717,-1.0862622462204699
1718,1.182999222048287
1719,-0.4298277365737708
1720,-0.4034855074599004
1721,-0.1128597411094503
1722,0.49347190817558606
1723,0.04834914846475691
1724,2.5073036682146146
1725,-0.881051145316538
1726,-0.637512215829838
1727,-0.09172024812834578
1728,0.00553621709955987
1729,0.17544058466321766
1730,-0.3362180351853524
1731,-0.07431719372966072
1732,2.646332523189347
1733,-0.23820231460446983
1734,1.2282783958257109
1735,-0.5228778402029118
1736,-0.5096331975763907
1737,-0.4389010553622694
1738,1.157413150911442
1739,0.479407021966475
1740,-0.5605631852595534
1741,-0.21157103739441152
1742,2.5220455606570247
1743,-0.5256381871578364
1744,1.7990656906702045
1745,0.01270897788304759
1746,-0.7135438247059739
1747,0.4191279231983718
1748,-0.7736318583268178
1749,-0.31393724850440086
1750,-0.48953974200913397
1751,0.2316667701610189
1752,0.2586546437447306
1753,-0.20620431320785015
1754,-0.541929926627061
1755,0.92463786533032
1756,-0.1348596025053337
1757,-0.050286852023194606
1758,-0.5413094328721634
1759,-0.5775396429972743
1760,-0.4534818512138753
1761,2.258130709004856
1762,-0.5292968018789159
1763,-0.17476748005333065
1764,-0.9236685024270395
1765,-0.42369213581408904
1766,0.21387364444984236
1767,-0.5759267304012993
1768,0.9457706166480528
1769,-0.4684045401925978
1770,-0.6781116890581695
1771,-0.632999352350059
1772,-0.5722249705442287
1773,-0.5950830650185547
1774,0.6250945761119837
1775,-0.1592847575118389
1776,-0.483174998055831
1777,0.1287603999544542
1778,-0.6629661771307326
1779,1.2123284226502506
1780,0.90273991130011
1781,0.3584533646774406
1782,-0.3373100814190414
1783,-0.6483419654696871
1784,-0.6765835392364967
1785,-0.49293932213627123
1786,-0.07269099201849327
1787,-0.5359292771004348
1788,-0.0755497737750096
1789,-0.5743649414746071
1790,2.4696446571130712
1791,-0.10639749359610162
1792,0.3628207255501228
1793,-0.42485706576259874
1794,-0.5193438112277327
1795,-0.5434575640095688
1796,0.39746661057055466
1797,-0.6845821829994014
1798,2.4568069201965694
1799,2.235650256738249
1800,-0.18379682803043795
1801,-0.31874315412856635
1802,0.5801652570264304
1803,-0.14480494839166425
1804,0.09718600445397474
1805,0.9386329032336467
1806,-0.5457983467197618
1807,0.061260766286186596
1808,-0.0460408200802187
1809,-0.7082735540789639
1810,-0.1196764390896824
1811,-0.43524812580510164
1812,0.27968144954967533
1813,0.5536795218545114
1814,-0.49169868183543897
1815,-0.14920999212722585
1816,-0.5119541725368761
1817,-0.5122643439835441
1818,0.11326977475719757
1819,-0.5114436636504985
1820,-0.5366196056744299
1821,0.4144342459426724
1822,1.539498610237084
1823,1.8512204732906445
1824,0.9167441166502515
1825,-0.46330159282260364
1826,-0.5329217255668788
1827,-0.7676379439659583
1828,0.35391873790787076
1829,-0.16470665736413292
1830,-0.1813843000916483
1831,0.7444587422584921
1832,-0.24932434076181387
1833,-0.43896160107665216
1834,-0.31753443700141204
1835,0.7613698687932966
1836,-0.9539194533038697
1837,0.9391361591733329
1838,-0.7334204362968488
1839,-0.39508276803184117
1840,-0.5469864017223376
1841,-0.06044527006323985
1842,0.182543685250677
1843,-0.2605545668761864
1844,0.9373414272593068
1845,0.33223122696004515
1846,0.4882684218778197
1847,-0.4970269432202701
1848,-0.1466570916202553
1849,0.9226209974972748
1850,0.0011198534215397515
1851,0.8127137525570023
1852,2.3508982572139194
1853,-0.8334909936896777
1854,-0.4232458708937412
1855,-0.2073882298708628
1856,-0.19855586464363162
1857,-0.4300102165294529
1858,0.11268569341518475
1859,0.19651060547008248
1860,-0.6176708886198111
1861,0.7580829032936389
1862,-0.4891096848470152
1863,-1.3842130325503987
1864,-0.5176644072476089
1865,0.6526967215839907
1866,-0.4780726411237398
1867,-0.8631223470440912
1868,-0.05440517833226666
1869,0.08013016784129734
1870,-0.09487820005697556
1871,-0.17134376405762264
1872,0.7909467371846344
1873,-0.7978061169749728
1874,-0.4306091135777297
1875,-0.8717623127091308
1876,2.364658595158077
1877,-0.18550938660396676
1878,-0.5281235035243397
1879,-0.15597583960208994
1880,-0.17170084864716462
1881,1.237438439669254
1882,-0.8397562780340535
1883,-0.15955022551296816
1884,-0.9593110186745266
1885,0.9227638901070588
1886,2.1851126132657748
1887,-0.5157302767355134
1888,-0.4846973676335662
1889,2.3857216899716476
1890,0.7817390882131534
1891,-0.2848223212606824
1892,-0.8691403832496982
1893,2.415057988731545
1894,-0.7913830429018529
1895,0.2659073624400796
1896,0.5908514154319249
1897,0.42113529102429803
1898,-0.458145729399944
1899,-0.12030264585800987
1900,-0.6141817006360091
1901,0.8874028070897055
1902,0.3947854173942966
1903,-0.11066576597485822
1904,1.0130833538763535
1905,-0.5461223066151619
1906,2.0186142449199824
1907,0.22373712491844855
1908,-0.7493213688190737
1909,0.2821594162350267
1910,-0.5517921559755236
1911,2.414404157729626
1912,0.6613300295356328
1913,-0.5523392826865563
1914,-0.5734060298135388
1915,-0.12903233472036735
1916,-0.216779674098458
1917,-0.6882848689282939
1918,1.1852661774264162
1919,-0.45581589301861725
1920,-0.1253512471209296
1921,-0.3886712475042944
1922,2.2617813071368396
1923,-0.2926163919472814
1924,-0.5991387130229255
1925,0.4718485366686367
1926,1.069011971946452
1927,-0.42571289011356617
1928,-0.04172812923631486
1929,-0.4322585888278685
1930,0.7578252120783266
1931,0.2161935984217278
1932,-0.4244619732360909
1933,0.3284320349478347
1934,-0.597118739930766
1935,-0.8704025782128586
1936,0.9455768757590095
1937,2.4447248195847564
1938,-0.1879384958506326
1939,0.24977529050994485
1940,-0.17394489856258843
1941,-0.07966157118553308
1942,-0.34191629451464045
1943,0.33143800078705343
1944,-0.20598434081979544
1945,0.1579443943940979
1946,2.320095472985017
1947,-0.24556692025985083
1948,-0.9187297973175188
1949,1.6459599007199
1950,1.7832932314123744
1951,-0.8496108520194765
1952,0.29640470287739396
1953,-0.17877856186069363
1954,-0.2786607345208447
1955,-0.6575140071890813
1956,-0.4776740127113418
1957,-0.34747989101909005
1958,-0.8911790081784221
1959,-0.5564175704450934
1960,-0.5598922761583661
1961,-0.7588732349656042
1962,-0.5392983372194533
1963,0.04223424746448323
1964,0.308226196068351
1965,-0.5435949083457561
1966,-0.2473670439332767
1967,-1.0324973240860185
1968,0.12040921963874207
1969,-0.7509052147340384
1970,0.31186623232380395
1971,-0.8994357134596521
1972,-0.5393115094056933
1973,-0.5878886829288472
1974,-0.24158254515064959
1975,2.4003527638442588
1976,1.1223378756660343
1977,-0.20216489897969847
1978,0.2542232459331437
1979,-0.40645419552385276
1980,-0.30393617884025204
1981,-0.07658094246855007
1982,-0.5732953800962606
1983,-0.45237238864811635
1984,-0.5042831463608648
1985,1.8454185168449584
1986,-0.270210363947353
1987,0.37243013131292524
1988,0.47711489218508274
1989,0.21911653394043906
1990,-0.11371584315922922
1991,-0.21412212958334664
1992,0.36079453150131924
1993,0.6931194529885245
1994,-0.3544670309673541
1995,-0.4216240911561384
1996,0.013624987390651988
1997,-0.5879009510801445
1998,2.549612938225317
1999,-0.48689240719654436
2000,-0.010348071475811849
2001,-0.4305348132593261
2002,0.556820107455803
2003,-0.3936550262662851
2004,2.2121714268682817
2005,-0.15348674657113903
2006,-0.6286610435993327
2007,0.47341875531486477
2008,0.13443602737437788
2009,-0.7367130138953075
2010,-0.31405427643035855
2011,-1.3175784304929175
2012,-0.4216152445799429
2013,-0.5099922611532635
2014,-1.0134338894751498
2015,2.6288761064733945
2016,0.4704190887987396
2017,2.4404604301701385
2018,-0.5066327828797227
2019,-0.8136445250393595
2020,-0.7214468564266865
2021,-1.0432468383655924
2022,-0.4628888921016052
2023,0.0812856088684406
2024,0.22881290077319116
2025,0.1525233853147041
2026,-0.14256947117347263
2027,-0.700645235332328
2028,-0.29253151278208345
2029,1.1582614239111235
2030,-0.26805003978688136
2031,-0.5079308065056651
2032,-0.17332738049268692
2033,-0.48959764000652717
2034,-0.6610804927548483
2035,0.10452822931173555
2036,0.1055836641917971
2037,0.16208123410671793
2038,-0.47997004311414726
2039,-0.07955722274012
2040,0.8399282553883027
2041,-0.5339177702899507
2042,0.17969538314711397
2043,-0.601767401817014
2044,0.9460276899302791
2045,-0.2667952463437694
2046,-0.43202605072531963
2047,0.2802747953455156
2048,1.0130749359681799
2049,-0.5508269561705195
2050,2.636316069358366
2051,-0.07726953688211158
2052,0.00806787574857859
2053,0.14086596228480697
2054,0.9282348811637253
2055,-0.5050673727531989
2056,-0.36599856564304567
2057,0.015513817276417319
2058,-0.6241835682946277
2059,0.0211453808627855
2060,-0.4965183860308813
2061,-0.45512519716902977
2062,-0.9033021098173168
2063,1.1256672747890302
2064,-0.5256324162188935
2065,2.4280436497746827
2066,-0.7234433720438997
2067,0.3670079725354083
2068,-0.18004529371912348
2069,-0.14374623645029738
2070,-0.14698738460283156
2071,1.50428820203279
2072,-0.477000634916952
2073,-0.3159631964184144
2074,0.1588696857119971
2075,2.031517681682056
2076,-0.2387708172823393
2077,-0.6471998514198368
2078,-0.13335886331276248
2079,0.41008764619703575
2080,-0.605327721030375
2081,-0.5158018479385519
2082,0.174670398649323
2083,-0.4522198182727444
2084,0.030088941254805768
2085,2.1254267195597856
2086,-0.8161047273418731
2087,-0.17540630471833296
2088,-0.4623870007898686
2089,-0.15740444794690178
2090,-0.340055688941038
2091,1.2005651346246742
2092,0.5131653223338548
2093,0.30579591455492294
2094,0.04190607553110581
2095,-0.49539533524623525
2096,-0.2287607963570003
2097,-0.6637907619150858
2098,2.1880392193702973
2099,-0.6757774952707895
2100,0.24014210036994066
2101,-0.589825367291543
2102,0.7743133868607279
2103,0.5441916509784108
2104,-0.6071766501496242
2105,0.4564383488870989
2106,-0.8536690465166066
2107,-0.7576360384139125
2108,0.9345256034263021
2109,-0.3026498922497155
2110,-0.5180043811060246
2111,-0.3543673008880672
2112,-0.07772291852102686
2113,-0.488086868791489
2114,-0.31080740447069155
2115,-0.5496462954076917
2116,-0.5310466323202243
2117,0.8872548633901036
2118,0.3399719502552627
2119,-0.1383304007934828
2120,-0.5152168590983617
2121,-0.12269734398464893
2122,-0.3005539470867542
2123,1.5508415502214115
2124,-0.47317969651113356
2125,-0.3487905895268607
2126,-0.15784228108844445
2127,-0.46989724094040575
2128,0.41528489499997145
2129,-0.21501582550738152
2130,-0.3207186233611363
2131,-0.607769265376132
2132,-0.22846009213649032
2133,0.6535329676612587
2134,2.122347128402749
2135,-0.7469825457131671
2136,-0.9917081050635269
2137,-0.23308303539042918
2138,-0.5742714749173252
2139,0.5912802135017301
2140,-0.6030044937050495
2141,-0.6450550347612323
2142,0.26286616775696525
2143,-0.4598964714256101
2144,-0.5420238339605343
2145,-0.5024653027115508
2146,-0.5257870568268636
2147,-0.4299988129860808
2148,-0.8924137225835349
2149,0.15044821961185528
2150,0.03224731888583632
2151,0.17038776391622812
2152,0.14294790408235003
2153,-0.5584774930093599
2154,-0.11212532527145735
2155,-0.5084840483413373
2156,0.5845454845867672
2157,-0.16115227005906152
2158,-0.4877765387184434
2159,2.5623939146896
2160,0.16539667621916254
2161,0.8140326927213895
2162,-0.38350332632445383
2163,-0.6691284363723498
2164,-0.4416863695696942
2165,2.0456706778911298
2166,2.1918903450049068
2167,-0.5365279261069108
2168,-0.33101631370945717
2169,0.13300828584977653
2170,0.48882228349361867
2171,2.2208124180697193
2172,0.4626841487789035
2173,-0.6844525608923908
2174,-0.4742670498489887
2175,-0.862893626667342
2176,-0.5497448622279316
2177,0.017482256301440957
2178,-0.568484889745247
2179,1.070344509088978
2180,0.621686263010321
2181,-0.7397983099959706
2182,-0.1964685359102465
2183,-0.4758936501528298
2184,-0.495655055273436
2185,-0.5120105854296508
2186,0.21560107033513853
2187,0.279382662342764
2188,0.22628504553431505
2189,-0.3141337661544785
2190,0.7100735390245463
2191,-0.600498640214471
2192,-0.30129787833367994
2193,-0.11049522506196796
2194,1.8509701064414879
2195,0.30677745098742437
2196,-0.5123391248278042
2197,-0.5643048679886863
2198,2.461074774742328
2199,0.6427902018731704
2200,-0.7746947586093391
2201,0.88610838454715
2202,-0.4472803044945327
2203,-0.8240563119843536
2204,2.1151042181303747
2205,-0.5537503974510145
2206,-0.5310651422213973
2207,-0.5290319985166898
2208,-0.6319395210536484
2209,-0.7912273502908773
2210,-0.6324448482532529
2211,1.9884539997314121
2212,0.5545719179981681
2213,-0.5321729132480525
2214,-0.587913906817104
2215,0.5107000231724728
2216,-0.6277827590205384
2217,-0.5413555902675309
2218,-0.4800212061025311
2219,-0.5216439164016564
2220,0.7282663529406566
2221,0.15793680402739385
2222,0.9254342236897928
2223,0.5425395578933567
2224,-0.6626006242456309
2225,1.0467025281773958
2226,-0.4955805064464919
2227,-0.42203191691687536
2228,1.1444024389091085
2229,0.22961154283891716
2230,-0.4638709939774328
2231,-0.4658445392003622
2232,-0.2977429734611281
2233,0.23429502033422578
2234,-0.22246526585546367
2235,-0.34310041244705347
2236,-0.180986365138194
2237,0.529977087526303
2238,-0.6388972876402526
2239,0.043036230298975076
2240,2.3322192338067893
2241,0.7688950955079119
2242,-0.6502984509561645
2243,-0.5556612828005811
2244,-0.4688039591147768
2245,-0.2563475144987313
2246,1.7410385870439011
2247,-0.44761055756321344
2248,-0.24498096018145366
2249,-0.07790500551742796
2250,0.05485774928407405
2251,-0.16810882832020646
2252,1.5025637221883585
2253,-0.6341483233775732
2254,1.541075735564117
2255,0.48375155281334337
2256,0.5918206591461415
2257,0.9370353069584765
2258,-0.04828403883831711
2259,-0.8912725447608695
2260,-0.5816503377416739
2261,2.230202962731946
2262,-0.6101420473189803
2263,0.08604902377248913
2264,-0.329656614757165
2265,-0.5285144417552082
2266,-0.11267928027722396
2267,-0.40653300972026696
2268,0.04596032901460134
2269,2.09257745273177
2270,0.19300392818224532
2271,-0.1680052917699445
2272,-0.22992497523160416
2273,0.15530775976115851
2274,-0.5016085272856032
2275,1.809140919954486
2276,0.7359506421606141
2277,0.24310956183796972
2278,2.3868221974216266
2279,-0.5349055881487155
2280,0.29818412161904284
2281,0.3379010394052451
2282,-0.018793796790619766
2283,-0.3322730151965332
2284,0.4399839832197825
2285,-0.8510724348851354
2286,-0.44236093085901396
2287,-0.15566017409588484
2288,-0.7824465278601354
2289,-0.47306204983295863
2290,0.3037429711687154
2291,-0.41722598295718516
2292,0.12086055410111096
2293,-0.3222487533380335
2294,-0.46033392205407686
2295,-0.5697742977199589
2296,0.09948809733132258
2297,0.14755800298735045
2298,-0.6204676289556776
2299,-0.5511010209250332
2300,-0.5408714458641041
2301,2.2441080903286514
2302,1.8552588005284372
2303,-0.44905458503883067
2304,-0.5487785356529016
2305,-0.7089096112991353
2306,-0.7259289368762794
2307,0.8854797603727327
2308,-0.34249090342484223
2309,0.5770980093329765
2310,-0.2389010066991416
2311,-0.6788407716236602
2312,-0.4016891105296114
2313,-0.49724842648505285
2314,0.7534661088513084
2315,-0.6729164313478864
2316,-0.49248495991110053
2317,-0.4328341832658287
2318,-0.5227202693056725
2319,1.2144212707354636
2320,-0.44145068117406094
2321,0.8834725225122151
2322,-0.0878121147707921
2323,0.5930116202931521
2324,-0.572196703112922
2325,-0.4616554626303889
2326,-0.39831817291468075
2327,-0.5460656927913415
2328,-0.021054148430897257
2329,0.1010649518231348
2330,-0.5167201860729698
2331,-1.2358696734701233
2332,-0.5333960390166622
2333,0.13717376063695497
2334,0.18852457227531372
2335,-0.013426652994988686
2336,-0.7754106253133456
2337,-0.2272563187974157
2338,-0.21644893348687322
2339,0.1998818118269894
2340,-0.5493688187237586
2341,0.45402101069284195
2342,-0.4077925403569601
2343,-0.7858437858636125
2344,-0.042703770781271966
2345,0.892401683474003
2346,-0.5894869989485558
2347,0.23805780607511728
2348,-0.235759091266465
2349,1.5463751644624877
2350,2.468813078488387
2351,-0.5124738790426728
2352,-0.22886898779010634
2353,2.1543036713001658
2354,-0.4983006960285431
2355,2.299356526830599
2356,0.09523941016096105
2357,-0.47809049034645024
2358,0.053729466534726544
2359,-0.7685257330075296
2360,0.3372791263810049
2361,-0.3319906858615074
2362,-0.38816827730095815
2363,-0.0026648503265962464
2364,-0.43493838076649793
2365,-0.4849972926429147
2366,-0.5972635203542396
2367,-0.5504523021008467
2368,-0.6487743745959985
2369,-0.47463868099939643
2370,-0.26093101506926897
2371,-0.3791619516385837
2372,-0.43567515602501994
2373,-0.005929791024381625
2374,-0.06375546046063807
2375,0.22444471890868112
2376,1.6670423103376633
2377,-0.5774418234103992
2378,-0.4007580973787338
2379,-0.5469173882890783
2380,-0.3365998808524513
2381,-0.5197085791433466
2382,0.5925133504003013
2383,-0.43843041710082864
2384,-0.45227757785122713
2385,1.91557444599564
2386,0.5560453509615797
2387,-0.3788806825087436
2388,-0.4274765419721167
2389,-0.7349099008305727
2390,-0.08337511162538758
2391,-0.3722100932098057
2392,-0.2688204887231156
2393,-0.5614360915890343
2394,-0.6106122821455418
2395,-0.2674264937290576
2396,-0.2515135957491951
2397,0.25586638536396245
2398,0.10263267221143901
2399,0.5107690661844395
2400,0.21084149363353788
2401,2.4445185775979357
2402,0.17799100492280373
2403,-0.11701536792935552
2404,-0.16209601118816286
2405,2.3276353992404553
2406,0.1891913350816381
2407,-0.19221338809438082
2408,-0.5238709369309359
2409,-0.04278944134849405
2410,0.42421952399781815
2411,-0.25022893365586907
2412,-0.14187712989077694
2413,-0.17540841462333223
2414,0.8055982748319919
2415,-0.5558151781939146
2416,0.2614381026204089
2417,0.09556448185424826
2418,0.8224556370725431
2419,0.5885262916195453
2420,-0.4974845679242452
2421,-0.26765462360768133
2422,-0.28550693242548375
2423,1.1860947207102455
2424,-0.5529123963107679
2425,0.5661035571108581
2426,-0.46294335167222456
2427,-0.46605201750490544
2428,2.223458880695376
2429,2.364179872620034
2430,2.377378442026664
2431,-0.5533158789613422
2432,0.027041621817560424
2433,-0.4874734343155891
2434,0.11533500673972297
2435,-0.6036587809505821
2436,0.2836250449855502
2437,1.6582401490700616
2438,-0.5898858699385423
2439,-0.4483667763302671
2440,0.8510106663950439
2441,-0.16311723894540575
2442,0.5436697709800729
2443,0.4708625879958528
2444,0.4597518254051729
2445,1.7171954958165216
2446,-0.024811220750180496
2447,-0.38532264937827465
2448,-0.4916635014506132
2449,-0.6866785746209709
2450,0.8956624123965338
2451,-0.4614538448770271
2452,-0.4296974924354191
2453,0.2586139909057452
2454,0.4842319631032663
2455,-0.14892660381274403
2456,-0.2159444352570492
2457,-0.17624991184866345
2458,0.15582714726012692
2459,-0.0012879484571342026
2460,1.0208533367165038
2461,0.42058428796742797
2462,-0.41781858500103575
2463,0.32622117050493404
2464,-0.610111823469186
2465,0.5656231097915012
2466,1.7983260262451621
2467,-0.5200726619514112
2468,-0.664330383993251
2469,1.0696742395433567
2470,-0.6320606255547819
2471,-0.4058781956434456
2472,0.20098464258001458
2473,-0.5421768413977368
2474,-0.41454183847353365
2475,-0.7500399902565575
2476,0.08903215603514925
2477,-0.4373629484589403
2478,-0.9032089540115151
2479,-0.4770076577304534
2480,0.9750739057992013
2481,0.3253894114067941
2482,-0.8532113471096143
2483,-0.617274675163055
2484,1.060189901272761
2485,0.20614002834075262
2486,0.33681906875460665
2487,-0.5431649592665002
2488,-0.0006475540296975169
2489,-0.15785631651917165
2490,-0.4322750517774886
2491,2.68882874617967
2492,-0.5953990646266063
2493,-0.06508898420050024
2494,-0.45153501679175134
2495,-0.27400962694714903
2496,-0.16725601966902903
2497,-0.43470394073525176
2498,0.14209945296862903
2499,2.379520386510965
2500,-0.48309708234689197
2501,-0.5085935541423574
2502,-0.2100478976843283
2503,2.478379754766467
2504,-0.11851623699414382
2505,-0.0842346778654981
2506,1.8849715525092985
2507,0.906126988391162
2508,0.4499880245956953
2509,0.13740319512127352
2510,0.36785830438712197
2511,-0.7602296479647552
2512,-0.5409154608608622
2513,-0.44865989192482725
2514,-0.24147369530389384
2515,-1.0932770193777872
2516,-0.022316594992865868
2517,-0.40852829712198213
2518,0.5178766758151965
2519,0.19091787866730914
2520,1.042591437861823
2521,-0.49753690992000843
2522,2.434979910228921
2523,-0.15809220343794206
2524,1.2419327779570666
2525,-0.6670921852272301
2526,-0.6783235091695896
2527,-0.6052219987863245
2528,0.3922008870733338
2529,-0.4782254128404051
2530,-0.5092467361760138
2531,-0.40123885439694906
2532,-0.5209942716616731
2533,0.038805002097832775
2534,-0.5157466542554316
2535,-0.8970060688867634
2536,0.4764793019290441
2537,-0.9691095020079828
2538,-0.4223823476130609
2539,0.18304915202384797
2540,0.5415068003375845
2541,1.60160190744705
2542,2.2887189941544657
2543,-0.1231411680607799
2544,-0.9925821289990688
2545,0.24175434758702719
2546,-0.0789959398863368
2547,-0.573512718989855
2548,0.1025605747494096
2549,-0.03527804823760461
2550,2.436125943601309
2551,2.4552886072714823
2552,0.2200546306156581
2553,0.5088209718009509
2554,-0.5390079877203897
2555,-0.04773304805703271
2556,1.2621510922871702
2557,1.1433088851806659
2558,2.0896381641367783
2559,0.23369331186067055
2560,-0.7994796201592608
2561,0.6201455738959805
2562,-0.45992750339182775
2563,1.8819352909838063
2564,-0.27819630220663105
2565,0.053249605639094755
2566,0.7574687516012117
2567,-0.5293169215397278
2568,-0.5882218595102134
2569,-0.49775539136518265
2570,-0.34596458223897986
2571,-0.2792126663110831
2572,-0.42575693440077944
2573,0.9121466196551091
2574,-0.6044714122579525
2575,1.9678589263408224
2576,-0.2865895574332258
2577,2.376394357009227
2578,0.6097956735075367
2579,0.13405952799168364
2580,0.38222778567393023
2581,2.228332304040854
2582,-0.556806255682605
2583,0.7511631635771414
2584,1.605280063703724
2585,1.2058280546560456
2586,-0.4495483002434755
2587,-0.5926666773357661
2588,1.2532622414152028
2589,-0.057417693495504185
